
purge recyclebin;

prompt Equipe
insert into Equipe values ('MOVISTAR TEAM','Espagne');
insert into Equipe values ('TEAM SKY','Grande Bretagne');
insert into Equipe values ('LOTTO SOUDAL','Belgique');
insert into Equipe values ('TINKOFF','Russie');
insert into Equipe values ('DIMENSION DATA','Afrique du Sud');
insert into Equipe values ('AG2R LA MONDIALE','France');
insert into Equipe values ('ETIXX-QUICK STEP','Belgique');
insert into Equipe values ('GIANT ALPECIN','Allemagne');


prompt Cycliste
insert into Cycliste values ('16_TS1','Froome','Christopher','Grande Bretagne','20-may-1985','TEAM SKY');
insert into Cycliste values ('16_TS2','Henao','Sergio Luis','Colombie','10-dec-1987','TEAM SKY');
insert into Cycliste values ('16_TS3','Kiryienka','Vasili','Bielo-Russie','28-jun-1981','TEAM SKY');
insert into Cycliste values ('16_TS4','Landa','Mikel','Espagne','13-dec-1989','TEAM SKY');
insert into Cycliste values ('16_TS5','Nieve','Mikel','Espagne','26-may-1984','TEAM SKY');
insert into Cycliste values ('16_TS6','Poels','Wouter','Pays Bas','01-oct-1987','TEAM SKY');
insert into Cycliste values ('16_TS7','Rowe','Luke','Grande Bretagne','10-mar-1990','TEAM SKY');
insert into Cycliste values ('16_TS8','Stannard','Ian','Grande Bretagne','25-may-1987','TEAM SKY');
insert into Cycliste values ('16_TS9','Thomas','Geraint','Grande Bretagne','25-may-1986','TEAM SKY');
insert into Cycliste values ('16_LS1','Greipel','Andre','Allemagne','16-jul-1982','LOTTO SOUDAL');
insert into Cycliste values ('16_LS2','Bak','Lars','Danemark','16-jan-1980','LOTTO SOUDAL'); 
insert into Cycliste values ('16_LS3','De Gendt','Thomas','Belgique','6-nov-1986','LOTTO SOUDAL'); 
insert into Cycliste values ('16_LS4','Debusschere','Jens','Belgique','28-aug-1988','LOTTO SOUDAL'); 
insert into Cycliste values ('16_LS5','Gallopin','Tony','France','24-may-1988','LOTTO SOUDAL'); 
insert into Cycliste values ('16_LS6','Hansen','Adam','Australie','11-may-1981','LOTTO SOUDAL'); 
insert into Cycliste values ('16_LS7','Henderson','Gregory','Nouvelle Zelande','10-sep-1976','LOTTO SOUDAL'); 
insert into Cycliste values ('16_LS8','Roelandts','Jurgen','Belgique','02-may-1985','LOTTO SOUDAL'); 
insert into Cycliste values ('16_LS9','Sieberg','Marcel','Allemagne','30-apr-1982','LOTTO SOUDAL'); 
insert into Cycliste values ('16_MV1','Quintana','Nairo','Colombie','4-feb-1990','MOVISTAR TEAM'); 
insert into Cycliste values ('16_MV2','Valverde','Alejandro','Espagne','25-apr-1980','MOVISTAR TEAM'); 
insert into Cycliste values ('16_MV3','Anacona','Andrew','Colombie','11-aug-1988','MOVISTAR TEAM'); 
insert into Cycliste values ('16_MV4','Erviti','Imanol','Espagne','15-nov-1983','MOVISTAR TEAM'); 
insert into Cycliste values ('16_MV5','Herrada','Jesus','Espagne','26-jul-1990','MOVISTAR TEAM'); 
insert into Cycliste values ('16_MV6','Izaguirre','Gorka','Espagne','7-oct-1987','MOVISTAR TEAM'); 
insert into Cycliste values ('16_MV7','Izaguirre','Ion','Espagne','4-feb-1989','MOVISTAR TEAM'); 
insert into Cycliste values ('16_MV8','Moreno','Daniel','Espagne','5-sep-1981','MOVISTAR TEAM'); 
insert into Cycliste values ('16_MV9','Oliveira','Nelson','Portugal','06-mar-1989','MOVISTAR TEAM');
insert into Cycliste values ('16_TK1','Sagan','Peter','Slovaquie','26-jan-1990','TINKOFF');
insert into Cycliste values ('16_TK2','Contador','Alberto','Espagne','6-dec-1982','TINKOFF'); 
insert into Cycliste values ('16_DD1','Cavendish','Mark','Grande Bretagne','21-may-1885','DIMENSION DATA'); 
insert into Cycliste values ('16_DD2','Cummings','Stephen','Grande Bretagne','19-mar-1883','DIMENSION DATA'); 
insert into Cycliste values ('16_AM1','Bardet','Romain','France',' 09-nov-1990','AG2R LA MONDIALE'); 
insert into Cycliste values ('16_AM2','Bakelants','Jan','Belgique','14-feb-1986','AG2R LA MONDIALE'); 
insert into Cycliste values ('16_AM3','Gougeard','Alexis','France',' 05-mar-1993','AG2R LA MONDIALE'); 
insert into Cycliste values ('16_AM4','Pozzovivo','Domenico','Italie','30-nov-1982','AG2R LA MONDIALE'); 
insert into Cycliste values ('16_AM5','Cherel','Mikael','France',' 17-mar-1986','AG2R LA MONDIALE'); 
insert into Cycliste values ('16_AM6','Dumoulin','Samuel','France','20-aug-1980','AG2R LA MONDIALE'); 
insert into Cycliste values ('16_AM7','Vuillermoz','Alexis','France','01-jun-1988','AG2R LA MONDIALE'); 
insert into Cycliste values ('16_AM8','Gastauer','Ben','Luxembourg','14-nov-1987','AG2R LA MONDIALE'); 
insert into Cycliste values ('16_EQ1','Kittel','Marcel','Allemagne','11-may-1988','ETIXX-QUICK STEP'); 
insert into Cycliste values ('16_GA1','Dumoulin','Tom','Pays Bas','11-nov-1990','GIANT ALPECIN'); 

prompt Etape
insert into Etape values ('16_2','Mont-Saint-Michel','Utah Beach',188,'2-jul-2016','plaine','16_DD1');
insert into Etape values ('16_3','Saint-Lo','Cherbourg',183,'3-jul-2016','plaine','16_TK1');
insert into Etape values ('16_4','Granville','Angers',223.5,'4-jul-2016','plaine','16_DD1');
insert into Etape values ('16_5','Saumur','Limoges',237.5,'5-jul-2016','plaine','16_EQ1');
insert into Etape values ('16_6','Limoges','Le Lioran',216,'6-jul-2016','montagne','16_DD2');
insert into Etape values ('16_7','Arpajon','Montauban',190.5,'7-jul-2016','plaine','16_DD1');
insert into Etape values ('16_8','L''Isle-Jourdain','Lac de Payolle',162.5,'8-jul-2016','montagne','16_EQ1');
insert into Etape values ('16_9','Pau','Bagneres-de-Luchon',184,'9-jul-2016','montagne','16_TS1');
insert into Etape values ('16_10','Vielha Val d''Aran','Andorre Arcalis',184.5,'10-jul-2016','montagne','16_EQ1');
insert into Etape values ('16_12','Escaldes-Engordany','Revel',197,'12-jul-2016','montagne','16_GA1');
insert into Etape values ('16_13','Carcassonne','Montpellier',162.5,'13-jul-2016','plaine','16_TK1');
insert into Etape values ('16_14','Montpellier','Mont Ventoux',184,'14-jul-2016','montagne','16_GA1');
insert into Etape values ('16_15','Bourg-Saint-Andeol','La Caverne du Pont-d''Arc',37.5,'15-jul-2016','contre-la-montre','16_TS1');
insert into Etape values ('16_16','Montelimar','Villars-les-Dombes',208.5,'16-jul-2016','plaine','16_DD1');
insert into Etape values ('16_17','Bourg-en-Bresse','Culoz',160,'17-jul-2016','montagne','16_TK2');
insert into Etape values ('16_18','Moirans-en-Montagne','Berne',209,'18-jul-2016','plaine','16_TK1');
insert into Etape values ('16_20','Berne','Finhaut-Emosson',184.5,'20-jul-2016','montagne','16_MV7');
insert into Etape values ('16_21','Sallanches','Megeve',17,'21-jul-2016','contre-la-montre','16_TS1');
insert into Etape values ('16_22','Albertville','Saint-Gervais Mont Blanc',146,'22-jul-2016','montagne','16_AM1');
insert into Etape values ('16_23','Megeve','Morzine',146,'23-jul-2016','montagne','16_LS1');
insert into Etape values ('16_24','Chantilly','Paris',113,'24-jul-2016','plaine','16_LS1');

commit;


